xowilough,https://static-cdn.jtvnw.net/jtv_user_pictures/8e77a3ba-48ed-433d-afe3-09b9c408e3d4-profile_image-300x300.png
me_am_stinky,https://static-cdn.jtvnw.net/user-default-pictures-uv/294c98b5-e34d-42cd-a8f0-140b72fba9b0-profile_image-300x300.png
robotech83,https://static-cdn.jtvnw.net/jtv_user_pictures/5c967617-73c0-4bf4-b546-a2473292f8a3-profile_image-300x300.png
thestrangest_bot,https://static-cdn.jtvnw.net/jtv_user_pictures/e1cc6f85-5198-4cc0-b60b-ad3a42eaa3ab-profile_image-300x300.png
caddac_,https://static-cdn.jtvnw.net/user-default-pictures-uv/ead5c8b2-a4c9-4724-b1dd-9f00b46cbd3d-profile_image-300x300.png
0hioisntreal,https://static-cdn.jtvnw.net/jtv_user_pictures/bff3d779-ce12-4ada-823e-c4aed74e0506-profile_image-300x300.png
chainzbear,https://static-cdn.jtvnw.net/user-default-pictures-uv/998f01ae-def8-11e9-b95c-784f43822e80-profile_image-300x300.png
productivetime,https://static-cdn.jtvnw.net/jtv_user_pictures/090e2b41-ede7-4f8b-8fe6-819743bdb2aa-profile_image-300x300.png
earend,https://static-cdn.jtvnw.net/jtv_user_pictures/earend-profile_image-8a1bb1ba3edb4b4a-300x300.jpeg
grimybadger,https://static-cdn.jtvnw.net/jtv_user_pictures/d1126f34-409e-47ab-9945-a0468a4894db-profile_image-300x300.png
avaavarai,https://static-cdn.jtvnw.net/jtv_user_pictures/d5de0992-e94a-4bea-8d51-6d3a3c6d3995-profile_image-300x300.png
hikagekuroi,https://static-cdn.jtvnw.net/jtv_user_pictures/b1489436-5552-4edc-9351-bb3b0e997139-profile_image-300x300.png
codingwithstrangers,https://static-cdn.jtvnw.net/jtv_user_pictures/c7004812-8f58-46ac-b6be-bf3c78fbea0d-profile_image-300x300.png
xenovyy,https://static-cdn.jtvnw.net/jtv_user_pictures/73796de4-d30d-4cb5-8cf6-0b3b882f6182-profile_image-300x300.png
